FUN_08000130	FUN_08000138	1
FUN_08000130	FUN_08000194	2
FUN_08000138	FUN_08000194	1
FUN_08000188	FUN_08001ed0	1
FUN_08000194	FUN_08000188	1
FUN_08000194	FUN_08000190	1
FUN_08000194	FUN_080001fa	1
FUN_08000194	FUN_08000244	1
FUN_08000194	FUN_08000260	1
FUN_08000194	FUN_08001a34	1
FUN_080001fa	FUN_080001d0	1
FUN_080001fa	FUN_08000258	1
FUN_08000244	FUN_08000190	1
FUN_08000244	FUN_08000260	1
FUN_08000270	FUN_08000820	1
FUN_08000270	FUN_08001a48	1
FUN_08000270	FUN_08001da8	1
FUN_080002b0	FUN_0800078c	2
FUN_0800049c	FUN_080007b4	1
FUN_0800049c	FUN_080007d8	1
FUN_0800049c	FUN_080008d0	1
FUN_0800049c	FUN_080008f0	1
FUN_0800049c	FUN_08001d98	1
FUN_0800049c	FUN_08001e64	1
FUN_080004d4	FUN_080007d8	1
FUN_080004d4	FUN_080007fc	1
FUN_080004d4	FUN_08000820	1
FUN_080004d4	FUN_0800085c	1
FUN_080004d4	FUN_08001964	1
FUN_080004d4	FUN_08001a68	1
FUN_080004d4	FUN_08001bf8	2
FUN_080004d4	FUN_08001d2c	1
FUN_080004d4	FUN_08001da8	1
FUN_080004d4	FUN_08001e24	1
FUN_080004d4	FUN_08001e30	1
FUN_080004d4	FUN_08001e4c	1
FUN_080004d4	FUN_08001e88	1
FUN_080004d4	FUN_08001e98	1
FUN_080004d4	FUN_08001ea4	1
FUN_080004d4	FUN_08001eb4	1
FUN_080004d4	FUN_08001ec0	1
FUN_080005a0	FUN_08000270	1
FUN_080005a0	FUN_0801a5f0	3
FUN_080005e0	FUN_080004d4	1
FUN_080005e0	FUN_080014d8	2
FUN_080005e0	FUN_08001b10	1
FUN_080005e0	FUN_08001b24	1
FUN_080005e0	FUN_08001bf8	7
FUN_080005e0	FUN_08001c58	1
FUN_08000694	FUN_08000768	1
FUN_08000694	FUN_080007d8	1
FUN_08000694	FUN_080008d0	1
FUN_08000694	FUN_080008f0	1
FUN_08000694	FUN_080014cc	2
FUN_0800176c	FUN_08000768	1
FUN_0800176c	FUN_08001da0	3
FUN_0800176c	FUN_08001e3c	3
FUN_0800198c	FUN_08000910	1
FUN_0800198c	FUN_08000ee8	1
FUN_0800198c	FUN_08000f38	1
FUN_0800198c	FUN_08001da0	3
FUN_0800198c	FUN_08001e3c	3
FUN_08001a34	FUN_080005a0	1
FUN_08001a34	FUN_080005e0	1
FUN_08001a34	FUN_08000694	1
FUN_08001a34	FUN_08001970	1
FUN_08001d2c	FUN_08001b24	1
FUN_08001da8	FUN_08001c38	1
FUN_08010470	FUN_0801a510	1
FUN_080108a4	FUN_08010f58	2
FUN_080108a4	FUN_08010f76	1
FUN_08010948	FUN_0801093a	1
FUN_0801094c	FUN_0801093a	1
FUN_080109dc	FUN_08010fa4	1
FUN_08010a14	FUN_08010d74	2
FUN_08010a14	FUN_080112a4	4
FUN_08010a14	FUN_08011388	1
FUN_08010b3c	FUN_08010a14	1
FUN_08010b3c	FUN_080113d0	1
FUN_08010b3c	FUN_080120ac	2
FUN_08010e52	FUN_080110ba	1
FUN_08010e74	FUN_080110ba	1
FUN_08010e8e	FUN_08010f76	1
FUN_08010fa4	FUN_08010b3c	1
FUN_08011000	FUN_08010b3c	1
FUN_08011036	FUN_08011000	2
FUN_080110ba	FUN_08010f58	2
FUN_080110ba	FUN_08010f76	1
FUN_08011156	FUN_08010f58	1
FUN_08011156	FUN_080110ba	1
FUN_08011156	FUN_0801142c	1
FUN_080112a4	FUN_080110ba	1
FUN_08011388	FUN_080110ba	1
FUN_080113a0	FUN_08010f58	1
FUN_080113a0	FUN_08010f76	1
FUN_08011408	FUN_08010138	1
FUN_08011920	FUN_08013ee4	1
FUN_08011920	FUN_08013ef0	1
FUN_0801196c	FUN_080119a4	1
FUN_0801196c	FUN_08011c6c	1
FUN_080119a4	FUN_08011cd4	2
FUN_080119a4	FUN_08011cea	1
FUN_080119a4	FUN_08011d44	1
FUN_08011a00	FUN_08010982	1
FUN_08011a00	FUN_0801196c	1
FUN_08011a1a	FUN_08010948	1
FUN_08011a1a	FUN_08011a00	1
FUN_08011a1a	FUN_08011e0c	1
FUN_08011a4c	FUN_0801033e	2
FUN_08011af0	FUN_0801a07c	1
FUN_08011b40	FUN_0801b010	1
FUN_08011b40	FUN_0801b020	1
FUN_08011bac	FUN_08010948	1
FUN_08011bac	FUN_0801b120	3
FUN_08011bac	FUN_0801b232	1
FUN_08011bac	FUN_0801b246	1
FUN_08011bac	FUN_0801b270	2
FUN_08011bac	FUN_0801b284	3
FUN_08011c6c	FUN_080109ac	2
FUN_08011cea	FUN_08010912	1
FUN_08011d44	FUN_08010912	3
FUN_08011d88	FUN_080120bc	1
FUN_08011db8	FUN_080120bc	1
FUN_08011db8	FUN_08012800	1
FUN_08011de0	FUN_080120bc	1
FUN_08011e0c	FUN_080120bc	1
FUN_08011e0c	FUN_08012800	1
FUN_08011e90	FUN_08011036	1
FUN_08011eb8	FUN_08011f10	2
FUN_08011eb8	FUN_080177fc	1
FUN_08011f28	FUN_080108a4	1
FUN_08011f28	FUN_08010d74	2
FUN_08011f28	FUN_08010efc	1
FUN_08011f28	FUN_08011156	1
FUN_08011f28	FUN_080112a4	4
FUN_08011f28	FUN_080113a0	1
FUN_080120bc	FUN_080108a4	1
FUN_080120bc	FUN_08010f2c	1
FUN_080120bc	FUN_08011f28	3
FUN_080120bc	FUN_08012798	1
FUN_080120bc	FUN_080127bc	5
FUN_08012874	FUN_08019180	1
FUN_08012b16	FUN_08012fe0	1
FUN_08012b6c	FUN_080141e8	1
FUN_08012b6c	FUN_08016a90	1
FUN_08012b6c	FUN_08016ef0	3
FUN_08012b6c	FUN_08018e7c	1
FUN_08012b6c	FUN_08019148	6
FUN_08012b6c	FUN_08019bf4	1
FUN_08012b6c	FUN_08019d34	1
FUN_08012b6c	FUN_0801a1f8	1
FUN_08012b6c	FUN_0801ac58	1
FUN_08012b6c	FUN_0801ae2c	1
FUN_08012b6c	FUN_0801ae7a	1
FUN_08012b6c	FUN_0801ae98	1
FUN_08012b6c	FUN_0801af7c	1
FUN_08012b6c	FUN_0801b65c	2
FUN_08012ce8	FUN_08018ee0	1
FUN_08012ce8	FUN_08018ef0	1
FUN_08012d78	FUN_08012b16	1
FUN_08012d78	FUN_08012da8	1
FUN_08012d78	FUN_08012e38	1
FUN_08012da8	FUN_08010e8e	1
FUN_08012da8	FUN_08010ecc	1
FUN_08012da8	FUN_08010efc	1
FUN_08012da8	FUN_08012ed0	1
FUN_08012e20	FUN_08012ed0	1
FUN_08012e80	FUN_08010906	4
FUN_08012ed0	FUN_08010948	1
FUN_08012ee6	FUN_08010948	1
FUN_08012ee6	FUN_08010982	1
FUN_08012ee6	FUN_080109be	1
FUN_08012ee6	FUN_08012d4c	1
FUN_08012ee6	FUN_08012e38	1
FUN_08012ee6	FUN_08012ed0	1
FUN_08012ee6	FUN_080180a0	1
FUN_08012fd4	FUN_08010912	1
FUN_08012fd4	FUN_08010948	1
FUN_08012fd4	FUN_08018758	1
FUN_08012fd4	FUN_0801b028	1
FUN_08012fe0	FUN_08010912	1
FUN_08012fe0	FUN_08010982	1
FUN_08013036	FUN_0801499e	1
FUN_08013100	FUN_0801364c	4
FUN_08013100	FUN_0801499e	2
FUN_08013100	FUN_080179f8	4
FUN_080132f8	FUN_08013314	1
FUN_08013314	FUN_08013950	2
FUN_08013314	FUN_08013d7c	2
FUN_08013314	FUN_08019e34	1
FUN_08013314	FUN_08019f84	1
FUN_0801337c	FUN_0801364c	6
FUN_0801337c	FUN_08013950	2
FUN_0801337c	FUN_08013d7c	2
FUN_0801337c	FUN_08019e34	2
FUN_0801337c	FUN_08019eb8	1
FUN_0801337c	FUN_08019f84	1
FUN_0801337c	FUN_0801ba58	1
FUN_0801337c	FUN_0801c818	2
FUN_08013540	FUN_08010d74	4
FUN_08013540	FUN_08010e52	8
FUN_08013540	FUN_08010efc	4
FUN_0801364c	FUN_080195ac	2
FUN_08013680	FUN_08013970	1
FUN_08013680	FUN_080141e8	2
FUN_08013680	FUN_08014ac8	1
FUN_08013680	FUN_08016ab4	1
FUN_08013680	FUN_08017884	1
FUN_08013680	FUN_08019914	1
FUN_08013680	FUN_0801b6d8	1
FUN_08013680	FUN_0801c510	2
FUN_08013680	FUN_0801c618	1
FUN_080138dc	FUN_080195b8	2
FUN_08013950	FUN_080195b8	1
FUN_08013970	FUN_080141e8	1
FUN_08013ae4	FUN_08019388	1
FUN_08013b30	FUN_08010912	1
FUN_08013b30	FUN_08013008	1
FUN_08013bbc	FUN_080141e8	1
FUN_08013bbc	FUN_080195b8	3
FUN_08013bbc	FUN_0801ba58	1
FUN_08013bbc	FUN_0801c818	2
FUN_08013d30	FUN_08010912	1
FUN_08013d30	FUN_080195ac	2
FUN_08013d7c	FUN_0801364c	1
FUN_08013d7c	FUN_080195ac	1
FUN_08013d96	FUN_08013f5c	1
FUN_08013db6	FUN_08013f5c	1
FUN_08013dd6	FUN_08013f5c	1
FUN_08013df6	FUN_08013f5c	1
FUN_08013e16	FUN_08013f5c	1
FUN_08013e4c	FUN_08013f5c	1
FUN_08013ec4	FUN_08013f5c	1
FUN_08013f3a	FUN_08013f5c	1
FUN_08013f74	FUN_08013f5c	1
FUN_08013fc8	FUN_08017c58	1
FUN_08013fd0	FUN_08017bc4	2
FUN_08013fd0	FUN_08019148	2
FUN_08013fd0	FUN_0801aef0	2
FUN_08013fd0	FUN_0801af72	1
FUN_08013fd0	FUN_0801af7c	2
FUN_08013fd0	FUN_0801b018	2
FUN_08013fd0	FUN_0801b020	2
FUN_08014090	FUN_080109be	1
FUN_08014090	FUN_080141e8	1
FUN_08014090	FUN_08014564	1
FUN_08014090	FUN_080145d0	1
FUN_0801418c	FUN_08014538	1
FUN_0801418c	FUN_0801459c	1
FUN_0801418c	FUN_080145f8	1
FUN_080141e8	FUN_0801093a	1
FUN_080141e8	FUN_0801095e	2
FUN_080141e8	FUN_08010982	1
FUN_080141e8	FUN_08011d88	1
FUN_080141e8	FUN_08011de0	1
FUN_080141e8	FUN_08014090	1
FUN_080141e8	FUN_08014518	1
FUN_080141e8	FUN_08014564	1
FUN_080141e8	FUN_08014584	1
FUN_080141e8	FUN_0801458c	1
FUN_080141e8	FUN_08014594	1
FUN_080141e8	FUN_080145c4	1
FUN_080141e8	FUN_080147f8	19
FUN_080141e8	FUN_08016ae4	15
FUN_08014518	FUN_080145d0	1
FUN_08014538	FUN_080145d0	1
FUN_08014538	FUN_080145e4	1
FUN_08014564	FUN_080145e4	1
FUN_0801459c	FUN_08014084	1
FUN_0801459c	FUN_0801bc8c	1
FUN_080145c4	FUN_0801196c	1
FUN_080145d0	FUN_0801bd28	1
FUN_080145e4	FUN_0801bf78	1
FUN_080145f8	FUN_080141e8	1
FUN_080146b0	FUN_080141e8	1
FUN_080147f8	FUN_080141e8	2
FUN_0801499e	FUN_08010912	1
FUN_0801499e	FUN_08013d30	1
FUN_0801499e	FUN_080195ac	1
FUN_0801499e	FUN_080195b8	2
FUN_08014a02	FUN_08010912	1
FUN_08014ac8	FUN_08016ab4	1
FUN_08014ac8	FUN_08016ba8	4
FUN_08014b6c	FUN_08013950	2
FUN_08014b6c	FUN_08013d7c	3
FUN_08014b6c	FUN_08015260	2
FUN_08014b6c	FUN_08015f38	2
FUN_08014b6c	FUN_08015fa8	2
FUN_08014e88	FUN_08010d74	2
FUN_08014e88	FUN_08010e52	4
FUN_08014e88	FUN_08010ecc	2
FUN_08014e88	FUN_08010efc	2
FUN_08014e88	FUN_08013950	1
FUN_08014e88	FUN_08013d7c	1
FUN_08014e88	FUN_0801499e	1
FUN_08014e88	FUN_080179f8	1
FUN_08015008	FUN_080179f8	1
FUN_08015080	FUN_0801499e	4
FUN_08015080	FUN_080178d0	2
FUN_08015260	FUN_080179f8	12
FUN_080159a0	FUN_080179f8	3
FUN_08015c68	FUN_0801499e	1
FUN_08015dcc	FUN_0801364c	2
FUN_08015dcc	FUN_08013950	2
FUN_08015dcc	FUN_08013d30	1
FUN_08015dcc	FUN_08013d7c	4
FUN_08015dcc	FUN_0801499e	2
FUN_08015dcc	FUN_08015080	1
FUN_08015dcc	FUN_08015c68	1
FUN_08015fa8	FUN_08015dcc	1
FUN_08015fa8	FUN_080195ac	3
FUN_08015fa8	FUN_080195b8	1
FUN_08015fa8	FUN_0801baf8	1
FUN_0801608c	FUN_08013036	2
FUN_0801608c	FUN_08013540	3
FUN_0801608c	FUN_0801364c	4
FUN_0801608c	FUN_080164bc	2
FUN_0801608c	FUN_080168b8	1
FUN_080164bc	FUN_08013950	1
FUN_080164bc	FUN_08013d30	1
FUN_080164bc	FUN_08013d7c	2
FUN_080164bc	FUN_080141e8	4
FUN_080164bc	FUN_0801499e	2
FUN_080164bc	FUN_08014e88	1
FUN_080164bc	FUN_080159a0	1
FUN_080164bc	FUN_08015dcc	1
FUN_080164bc	FUN_080179f8	1
FUN_080164bc	FUN_080195ac	2
FUN_080164bc	FUN_080195b8	1
FUN_080164bc	FUN_0801baf8	1
FUN_08016784	FUN_08013950	1
FUN_08016784	FUN_08013d7c	2
FUN_08016784	FUN_080141e8	1
FUN_08016784	FUN_08015008	1
FUN_08016784	FUN_08015dcc	1
FUN_08016784	FUN_080195ac	2
FUN_08016784	FUN_080195b8	1
FUN_08016784	FUN_0801baf8	1
FUN_080168b8	FUN_08013100	2
FUN_080168b8	FUN_08016784	2
FUN_08016ae4	FUN_080141e8	1
FUN_08016ba8	FUN_080195b8	2
FUN_08016c44	FUN_08016f96	3
FUN_08016d20	FUN_080141e8	1
FUN_08016d20	FUN_080195b8	2
FUN_08016fa0	FUN_08013950	6
FUN_08016fa0	FUN_08016aa8	1
FUN_08016fa0	FUN_08016ad8	1
FUN_08016fa0	FUN_080195b8	3
FUN_08016fa0	FUN_0801a978	1
FUN_08016fa0	FUN_0801aac4	1
FUN_08016fa0	FUN_0801c280	1
FUN_0801715c	FUN_080141e8	5
FUN_0801715c	FUN_08019240	1
FUN_0801715c	FUN_08019288	1
FUN_0801715c	FUN_080192c8	1
FUN_0801715c	FUN_08019300	1
FUN_0801715c	FUN_08019340	1
FUN_080175e8	FUN_08012e88	1
FUN_080175e8	FUN_080141e8	5
FUN_080175e8	FUN_08016ba8	1
FUN_080175e8	FUN_08016d20	1
FUN_080175e8	FUN_0801715c	1
FUN_080175e8	FUN_08017b44	1
FUN_080175e8	FUN_08019584	1
FUN_080175e8	FUN_080195ac	1
FUN_080175e8	FUN_080195b8	1
FUN_080175e8	FUN_0801b65c	1
FUN_080175e8	FUN_0801b790	1
FUN_080177fc	FUN_08010912	2
FUN_08017884	FUN_08016ab4	1
FUN_080178d0	FUN_08010d74	1
FUN_080178d0	FUN_08010e52	2
FUN_080178d0	FUN_08010ecc	1
FUN_080178d0	FUN_08010efc	2
FUN_080179f8	FUN_080108a4	2
FUN_080179f8	FUN_08016a70	2
FUN_08017b44	FUN_0801418c	1
FUN_08017b44	FUN_080141e8	2
FUN_08017b44	FUN_080146b0	6
FUN_08017bc4	FUN_08017c58	1
FUN_08017f92	FUN_0801b2fc	1
FUN_080180a0	FUN_080109be	3
FUN_080180a0	FUN_08010e8e	1
FUN_080180a0	FUN_08010ecc	1
FUN_080180a0	FUN_08010efc	1
FUN_080180a0	FUN_08011e90	1
FUN_080180a0	FUN_08012d4c	8
FUN_080180a0	FUN_08012e38	2
FUN_080180a0	FUN_08012ed0	2
FUN_080180a0	FUN_08017f92	2
FUN_08018648	FUN_08010912	1
FUN_08018648	FUN_080109ac	1
FUN_08018648	FUN_08011db8	1
FUN_08018648	FUN_08014a02	2
FUN_08018758	FUN_08010912	1
FUN_08018758	FUN_08010982	1
FUN_08018758	FUN_080109ac	1
FUN_08018758	FUN_080109dc	1
FUN_08018758	FUN_08010ecc	1
FUN_08018758	FUN_08011db8	2
FUN_08018758	FUN_08014a02	13
FUN_08018758	FUN_08018648	2
FUN_08018758	FUN_0801b028	3
FUN_08018828	FUN_08010164	1
FUN_08018828	FUN_08010184	1
FUN_08018828	FUN_08011a1a	4
FUN_08018828	FUN_08013fc8	1
FUN_08018828	FUN_0801b5b8	1
FUN_08018828	FUN_0801c280	2
FUN_0801885c	FUN_0801b3ce	1
FUN_0801885c	FUN_0801b40e	2
FUN_0801885c	FUN_0801b43e	1
FUN_080188cc	FUN_0801b3f2	6
FUN_080188cc	FUN_0801b43e	1
FUN_080188cc	FUN_0801b458	1
FUN_080188cc	FUN_0801b4c4	1
FUN_0801899c	FUN_08018a7e	1
FUN_0801899c	FUN_0801b3ce	1
FUN_0801899c	FUN_0801b458	1
FUN_0801899c	FUN_0801b4c4	1
FUN_0801899c	FUN_0801ba58	1
FUN_0801899c	FUN_0801c818	2
FUN_080189ec	FUN_08010912	1
FUN_08018a12	FUN_08010912	2
FUN_08018a12	FUN_0801c6a4	1
FUN_08018a7e	FUN_0801b51c	2
FUN_08018b08	FUN_08018e50	1
FUN_08018b08	FUN_0801b408	2
FUN_08018c20	FUN_0801b458	1
FUN_08018c20	FUN_0801b4c4	1
FUN_08018cb8	FUN_0801b458	2
FUN_08018cb8	FUN_0801b4c4	2
FUN_08018cb8	FUN_0801b870	2
FUN_08018cb8	FUN_0801c76c	2
FUN_08018d24	FUN_08011a1a	3
FUN_08018d24	FUN_08018a94	1
FUN_08018d24	FUN_08018bd4	1
FUN_08018d24	FUN_0801ba58	1
FUN_08018d24	FUN_0801c818	1
FUN_08019068	FUN_08019000	7
FUN_080191d4	FUN_08011e30	1
FUN_080191d4	FUN_08011eb8	1
FUN_080191d4	FUN_080177fc	1
FUN_08019240	FUN_080195b8	1
FUN_08019288	FUN_080195b8	1
FUN_080192c8	FUN_080195b8	1
FUN_08019300	FUN_080138dc	1
FUN_08019340	FUN_080195b8	1
FUN_08019388	FUN_08010912	1
FUN_08019388	FUN_08013008	2
FUN_08019510	FUN_08019478	1
FUN_08019914	FUN_08010e52	4
FUN_08019914	FUN_08010e74	1
FUN_08019914	FUN_08012d78	11
FUN_08019914	FUN_08012e20	4
FUN_08019914	FUN_08012e38	4
FUN_08019914	FUN_08012fd4	4
FUN_08019914	FUN_080141e8	6
FUN_08019914	FUN_08016ba8	14
FUN_08019914	FUN_08016c98	4
FUN_08019914	FUN_080195ac	4
FUN_080199cc	FUN_08010982	1
FUN_080199cc	FUN_08013b30	1
FUN_08019a18	FUN_08010912	1
FUN_08019a18	FUN_08010948	1
FUN_08019a18	FUN_08013d96	1
FUN_08019a18	FUN_08013db6	1
FUN_08019a18	FUN_08013f74	1
FUN_08019a18	FUN_080141e8	2
FUN_08019a18	FUN_0801b232	1
FUN_08019a18	FUN_0801b246	1
FUN_08019bf4	FUN_0801280a	2
FUN_08019bf4	FUN_08012828	3
FUN_08019bf4	FUN_0801285e	2
FUN_08019bf4	FUN_080128ba	2
FUN_08019bf4	FUN_080128ca	3
FUN_08019bf4	FUN_08012900	3
FUN_08019bf4	FUN_0801292e	1
FUN_08019bf4	FUN_080129ec	1
FUN_08019bf4	FUN_08012a04	2
FUN_08019bf4	FUN_08012aa2	4
FUN_08019bf4	FUN_0801b65c	2
FUN_08019d34	FUN_08013d96	1
FUN_08019d34	FUN_08013df6	1
FUN_08019d34	FUN_08013e16	1
FUN_08019d34	FUN_08013e4c	1
FUN_08019d34	FUN_08013ec4	1
FUN_08019d34	FUN_08013ee4	1
FUN_08019d34	FUN_08017bc4	1
FUN_08019e34	FUN_080195ac	3
FUN_08019e34	FUN_080195b8	3
FUN_08019eb8	FUN_080195ac	3
FUN_08019eb8	FUN_080195b8	3
FUN_08019f30	FUN_08013d96	1
FUN_08019f30	FUN_08013db6	1
FUN_08019f30	FUN_08013e4c	1
FUN_08019f84	FUN_080141e8	1
FUN_08019f84	FUN_080195b8	1
FUN_08019f84	FUN_0801ba58	1
FUN_08019f84	FUN_0801c818	1
FUN_0801a060	FUN_0801aeea	1
FUN_0801a060	FUN_0801af72	1
FUN_0801a154	FUN_08012874	1
FUN_0801a154	FUN_0801912c	1
FUN_0801a16c	FUN_0801280a	1
FUN_0801a16c	FUN_08012828	1
FUN_0801a16c	FUN_0801285e	1
FUN_0801a16c	FUN_080128ba	1
FUN_0801a16c	FUN_080128ca	1
FUN_0801a16c	FUN_08012900	1
FUN_0801a16c	FUN_0801292e	1
FUN_0801a16c	FUN_080129ec	1
FUN_0801a16c	FUN_08012aa2	2
FUN_0801a16c	FUN_08016ef0	1
FUN_0801a16c	FUN_08018e7c	1
FUN_0801a16c	FUN_08019148	2
FUN_0801a1f8	FUN_08012920	4
FUN_0801a1f8	FUN_08012a88	2
FUN_0801a258	FUN_080108a4	2
FUN_0801a258	FUN_0801819c	1
FUN_0801a258	FUN_08018ee0	1
FUN_0801a258	FUN_08018ef0	1
FUN_0801a258	FUN_08019000	2
FUN_0801a258	FUN_08019020	1
FUN_0801a258	FUN_08019030	1
FUN_0801a258	FUN_0801904c	2
FUN_0801a258	FUN_0801912c	1
FUN_0801a258	FUN_08019148	3
FUN_0801a258	FUN_0801919c	1
FUN_0801a258	FUN_080191b0	2
FUN_0801a258	FUN_080191c4	1
FUN_0801a258	FUN_08019500	1
FUN_0801a258	FUN_08019510	1
FUN_0801a258	FUN_08019534	1
FUN_0801a258	FUN_0801a13c	1
FUN_0801a258	FUN_0801a984	2
FUN_0801a258	FUN_0801a994	2
FUN_0801a3e0	FUN_08012ce8	1
FUN_0801a3e0	FUN_08017bc4	2
FUN_0801a3e0	FUN_0801819c	1
FUN_0801a3e0	FUN_0801904c	1
FUN_0801a3e0	FUN_08019068	1
FUN_0801a3e0	FUN_08019148	4
FUN_0801a3e0	FUN_0801919c	1
FUN_0801a3e0	FUN_080194f0	1
FUN_0801a3e0	FUN_08019500	3
FUN_0801a3e0	FUN_08019510	1
FUN_0801a3e0	FUN_08019534	1
FUN_0801a3e0	FUN_0801aef0	1
FUN_0801a3e0	FUN_0801af72	1
FUN_0801a3e0	FUN_0801af7c	1
FUN_0801a3e0	FUN_0801b018	1
FUN_0801a4a0	FUN_080138a4	2
FUN_0801a4a0	FUN_080138c0	1
FUN_0801a4a0	FUN_0801a4e8	2
FUN_0801a4e8	FUN_0801a4fc	1
FUN_0801a4fc	FUN_08019148	1
FUN_0801a510	FUN_08011a1a	1
FUN_0801a56c	FUN_080191b0	1
FUN_0801a5f0	FUN_08010268	1
FUN_0801a5f0	FUN_08010470	1
FUN_0801a5f0	FUN_08011a1a	11
FUN_0801a5f0	FUN_080138a4	1
FUN_0801a5f0	FUN_08019030	1
FUN_0801a5f0	FUN_080191b0	1
FUN_0801a5f0	FUN_080191c4	1
FUN_0801a5f0	FUN_0801a07c	1
FUN_0801a5f0	FUN_0801a154	1
FUN_0801a5f0	FUN_0801a16c	1
FUN_0801a5f0	FUN_0801a1f8	1
FUN_0801a5f0	FUN_0801a258	1
FUN_0801a5f0	FUN_0801a4fc	1
FUN_0801a5f0	FUN_0801a510	1
FUN_0801a5f0	FUN_0801a968	1
FUN_0801a5f0	FUN_0801a978	1
FUN_0801a5f0	FUN_0801ab88	1
FUN_0801a984	FUN_08019498	1
FUN_0801a994	FUN_08019478	1
FUN_0801a9a0	FUN_080106c4	1
FUN_0801a9a0	FUN_08011a1a	2
FUN_0801a9a0	FUN_08011a4c	1
FUN_0801a9a0	FUN_0801a1f8	1
FUN_0801a9a0	FUN_0801a4a0	1
FUN_0801a9a0	FUN_0801a56c	1
FUN_0801a9a0	FUN_0801ab50	1
FUN_0801aac4	FUN_08011ac0	1
FUN_0801aac4	FUN_0801a3e0	1
FUN_0801aac4	FUN_0801a4e8	1
FUN_0801ab88	FUN_08012cf8	1
FUN_0801ab88	FUN_08012d24	3
FUN_0801ab88	FUN_08016a20	1
FUN_0801ab88	FUN_08016a70	1
FUN_0801ab88	FUN_08016a80	1
FUN_0801ab88	FUN_0801819c	1
FUN_0801ab88	FUN_08018ed0	2
FUN_0801ab88	FUN_08019000	6
FUN_0801ab88	FUN_08019148	2
FUN_0801aef0	FUN_08019180	1
FUN_0801b028	FUN_08010982	1
FUN_0801b044	FUN_08018f00	1
FUN_0801b09c	FUN_08016ef0	2
FUN_0801b09c	FUN_08019148	4
FUN_0801b09c	FUN_0801b044	1
FUN_0801b09c	FUN_0801b128	1
FUN_0801b09c	FUN_0801b2b2	1
FUN_0801b09c	FUN_0801b2c2	1
FUN_0801b09c	FUN_0801b2ce	1
FUN_0801b09c	FUN_0801b2ea	1
FUN_0801b128	FUN_08019180	1
FUN_0801b180	FUN_08013d96	1
FUN_0801b180	FUN_08013dd6	1
FUN_0801b180	FUN_08013e16	1
FUN_0801b180	FUN_08013e4c	1
FUN_0801b180	FUN_08013ec4	1
FUN_0801b180	FUN_08013ee4	1
FUN_0801b180	FUN_08013f3a	1
FUN_0801b180	FUN_08017bc4	1
FUN_0801b180	FUN_08019148	1
FUN_0801b180	FUN_0801b21c	1
FUN_0801b2fc	FUN_08017d4c	2
FUN_0801b458	FUN_08011a1a	1
FUN_0801b4c4	FUN_08011a1a	1
FUN_0801b51c	FUN_08011a1a	2
FUN_0801b51c	FUN_08018bd4	1
FUN_0801b51c	FUN_0801ba58	1
FUN_0801b51c	FUN_0801c818	1
FUN_0801b5d8	FUN_080101f4	1
FUN_0801b5d8	FUN_08011a1a	2
FUN_0801b65c	FUN_08011a1a	1
FUN_0801b65c	FUN_0801885c	1
FUN_0801b65c	FUN_0801ba58	1
FUN_0801b65c	FUN_0801c818	1
FUN_0801b6d8	FUN_08011a1a	3
FUN_0801b6d8	FUN_0801885c	1
FUN_0801b6d8	FUN_0801ba58	1
FUN_0801b6d8	FUN_0801c818	1
FUN_0801b790	FUN_08011a1a	1
FUN_0801b790	FUN_08018a7e	1
FUN_0801b790	FUN_08018c3c	1
FUN_0801b790	FUN_0801b3ce	2
FUN_0801b790	FUN_0801b43e	1
FUN_0801b790	FUN_0801b458	1
FUN_0801b790	FUN_0801b4c4	1
FUN_0801b87c	FUN_08011a1a	1
FUN_0801b87c	FUN_0801885c	1
FUN_0801b87c	FUN_0801b40e	1
FUN_0801b8e0	FUN_0801b3ce	1
FUN_0801b8e0	FUN_0801b43e	1
FUN_0801b964	FUN_08011a1a	1
FUN_0801ba68	FUN_08011a1a	1
FUN_0801bc8c	FUN_0801bcb0	1
FUN_0801bc8c	FUN_0801bf78	1
FUN_0801bcb0	FUN_08011a1a	1
FUN_0801bcb0	FUN_08018d24	1
FUN_0801bcb0	FUN_0801bec0	1
FUN_0801bd28	FUN_08011a1a	3
FUN_0801bd28	FUN_080189ec	1
FUN_0801bd28	FUN_08018c20	2
FUN_0801bd28	FUN_08018cb8	3
FUN_0801bd28	FUN_08018e38	1
FUN_0801bd28	FUN_0801b458	3
FUN_0801bd28	FUN_0801b4c4	5
FUN_0801bd28	FUN_0801b87c	1
FUN_0801bd28	FUN_0801b8e0	1
FUN_0801bd28	FUN_0801b964	1
FUN_0801bd28	FUN_0801ba58	1
FUN_0801bd28	FUN_0801c1e8	1
FUN_0801bd28	FUN_0801c4f4	1
FUN_0801bd28	FUN_0801c76c	1
FUN_0801bd28	FUN_0801c818	3
FUN_0801bec0	FUN_08011a1a	1
FUN_0801bec0	FUN_0801b3f2	2
FUN_0801bec0	FUN_0801b458	1
FUN_0801bec0	FUN_0801b4c4	1
FUN_0801bec0	FUN_0801c76c	1
FUN_0801bf78	FUN_08011a1a	4
FUN_0801bf78	FUN_08018a12	1
FUN_0801bf78	FUN_08018cb8	3
FUN_0801bf78	FUN_0801b458	3
FUN_0801bf78	FUN_0801b4c4	6
FUN_0801bf78	FUN_0801b87c	1
FUN_0801bf78	FUN_0801b964	1
FUN_0801bf78	FUN_0801ba58	1
FUN_0801bf78	FUN_0801c1e8	1
FUN_0801bf78	FUN_0801c4f4	1
FUN_0801bf78	FUN_0801c76c	1
FUN_0801bf78	FUN_0801c818	3
FUN_0801c100	FUN_08011a1a	3
FUN_0801c100	FUN_08018a12	1
FUN_0801c100	FUN_0801b5d8	1
FUN_0801c100	FUN_0801c76c	1
FUN_0801c1e8	FUN_08011a1a	2
FUN_0801c1e8	FUN_0801b458	1
FUN_0801c1e8	FUN_0801b4c4	1
FUN_0801c1e8	FUN_0801b964	1
FUN_0801c280	FUN_080188cc	1
FUN_0801c280	FUN_08018b08	1
FUN_0801c280	FUN_08018d24	2
FUN_0801c280	FUN_0801b51c	1
FUN_0801c2d8	FUN_08011a1a	2
FUN_0801c2d8	FUN_0801b3ce	1
FUN_0801c2d8	FUN_0801b43e	1
FUN_0801c2d8	FUN_0801b458	1
FUN_0801c2d8	FUN_0801b4c4	1
FUN_0801c3d4	FUN_08011a1a	2
FUN_0801c3d4	FUN_0801b3ce	1
FUN_0801c3d4	FUN_0801b43e	1
FUN_0801c3d4	FUN_0801b5d8	1
FUN_0801c51c	FUN_08011a1a	1
FUN_0801c51c	FUN_08018c3c	1
FUN_0801c51c	FUN_0801b3ce	2
FUN_0801c51c	FUN_0801b43e	1
FUN_0801c618	FUN_0801885c	1
FUN_0801c618	FUN_0801b458	2
FUN_0801c618	FUN_0801b4c4	2
FUN_0801c6a4	FUN_08011a1a	2
FUN_0801c6a4	FUN_0801b3ce	1
FUN_0801c6a4	FUN_0801b43e	1
FUN_0801c76c	FUN_08011a1a	1
FUN_0801c76c	FUN_0801b3ce	2
FUN_0801c76c	FUN_0801b43e	1
FUN_0801c818	FUN_08011a1a	1
FUN_0801c818	FUN_08018c3c	1
FUN_0801c818	FUN_0801b3ce	2
FUN_0801c818	FUN_0801b43e	1
FUN_0801c818	FUN_0801b458	1
FUN_0801c818	FUN_0801b4c4	1
FUN_0801c818	FUN_0801c51c	1
