FUN_08048adc	331
FUN_08071620	60
FUN_0801869c	58
FUN_080484e4	48
FUN_0806c77c	42
FUN_08001cc8	42
FUN_0800111c	39
FUN_08050578	37
FUN_08053558	32
FUN_08023ed8	32
FUN_0805d66c	30
FUN_08023f38	30
FUN_0801da86	30
FUN_080480b4	29
FUN_08083478	28
FUN_0808340c	28
FUN_080186d2	27
FUN_080004f8	27
FUN_08051f2c	25
FUN_08018eaa	24
FUN_0805daa8	23
FUN_08023dd4	23
FUN_0800052a	23
FUN_080534fc	22
FUN_08023e60	22
FUN_080240e0	21
FUN_080240d4	21
FUN_08083c0c	20
FUN_0805034c	20
FUN_080534f8	19
FUN_08018fbe	19
FUN_08000590	19
FUN_08071614	18
FUN_08000f1e	18
FUN_08083610	17
FUN_08050c6c	17
FUN_08018724	17
FUN_08018e88	16
FUN_08010cd0	16
FUN_08084f70	15
FUN_0807dabc	15
FUN_0804f2c8	15
FUN_0800ae40	15
FUN_0807976c	14
FUN_0800aa84	14
FUN_08083178	13
FUN_08050d7c	13
FUN_080500dc	13
FUN_0804e3e0	13
FUN_0800ac28	13
FUN_080833f4	12
FUN_08083332	12
FUN_08052ed8	12
FUN_0804f560	12
FUN_0804ec20	12
FUN_0803c5c0	12
FUN_08023de8	12
FUN_0800adb0	12
FUN_080831c6	11
FUN_0805deec	11
FUN_08053608	11
FUN_080530c4	11
FUN_080483b8	11
FUN_0803caa0	11
FUN_08019044	11
FUN_0800ca10	11
FUN_080041cc	11
FUN_0805e140	10
FUN_0804dea4	10
FUN_0802fffe	10
FUN_08018fe4	10
FUN_08018c7e	10
FUN_0800ca14	10
FUN_08007c80	10
FUN_08084644	9
FUN_08082e3c	9
FUN_080630e4	9
FUN_0805de10	9
FUN_080535fe	9
FUN_08051c04	9
FUN_0804fe38	9
FUN_080494f8	9
FUN_0803c8cc	9
FUN_0803c5ec	9
FUN_08019014	9
FUN_08018d62	9
FUN_080186c4	9
FUN_08011168	9
FUN_0800ecc4	9
FUN_0800770c	9
FUN_08001bdc	9
FUN_080849c0	8
FUN_0807162c	8
FUN_0805df08	8
FUN_0805deb8	8
FUN_0805da8e	8
FUN_0805da80	8
FUN_0804bca0	8
FUN_08032d98	8
FUN_0800c30c	8
FUN_08063000	7
FUN_080513d8	7
FUN_0805104c	7
FUN_08050f28	7
FUN_0804cc04	7
FUN_080483d6	7
FUN_0803cb54	7
FUN_0803ca28	7
FUN_0803c8ac	7
FUN_08023fd0	7
FUN_08023f80	7
FUN_080151b8	7
FUN_080110ac	7
FUN_0800d130	7
FUN_0800cb08	7
FUN_0800adc4	7
FUN_0800a654	7
FUN_08008a40	7
FUN_08000602	7
FUN_08084ec4	6
FUN_08083d34	6
FUN_0808319a	6
FUN_08083162	6
FUN_0807f696	6
FUN_0807f402	6
FUN_0807d58c	6
FUN_08079118	6
FUN_080784bc	6
FUN_0805c5d4	6
FUN_08052d34	6
FUN_08052c08	6
FUN_080529f0	6
FUN_080517e8	6
FUN_0804da88	6
FUN_0803cb78	6
FUN_08025c70	6
FUN_08023f20	6
FUN_08023e48	6
FUN_0801f70a	6
FUN_0801cf48	6
FUN_0801cf18	6
FUN_080190a8	6
FUN_08018b30	6
FUN_08015064	6
FUN_08012ef8	6
FUN_08012e36	6
FUN_0800ca18	6
FUN_0800c5a0	6
FUN_0800ad16	6
FUN_0800ad14	6
FUN_0800a4a4	6
FUN_080094ac	6
FUN_08008a14	6
FUN_08007814	6
FUN_080020bc	6
FUN_08000750	6
FUN_080005b8	6
FUN_0800051c	6
FUN_080843f4	5
FUN_08084348	5
FUN_080841b0	5
FUN_08083240	5
FUN_08083234	5
FUN_08083224	5
FUN_08083218	5
FUN_08083208	5
FUN_080831da	5
FUN_08082e44	5
FUN_08082e34	5
FUN_08082bf4	5
FUN_08082388	5
FUN_0807f7cc	5
FUN_08079064	5
FUN_08070654	5
FUN_0806bc34	5
FUN_0805d1e4	5
FUN_080512dc	5
FUN_08050448	5
FUN_0804834c	5
FUN_08043890	5
FUN_080436f8	5
FUN_0803ca7e	5
FUN_0803c970	5
FUN_0803b6a8	5
FUN_080373b0	5
FUN_08032dd8	5
FUN_0801ea04	5
FUN_0801e632	5
FUN_0801e5b8	5
FUN_080192f0	5
FUN_0801877a	5
FUN_080184c6	5
FUN_0801311c	5
FUN_0801305c	5
FUN_08012924	5
FUN_080123f4	5
FUN_080121bc	5
FUN_080114ca	5
FUN_08010a54	5
FUN_0800f68c	5
FUN_0800f5f8	5
FUN_0800f590	5
FUN_0800e96a	5
FUN_0800d11a	5
FUN_0800ca22	5
FUN_0800af8c	5
FUN_0800aa14	5
FUN_0800a7b4	5
FUN_0800a348	5
FUN_08008d80	5
FUN_08008aa4	5
FUN_080089e4	5
FUN_080089b4	5
FUN_08007e08	5
FUN_08007ddc	5
FUN_080078e8	5
FUN_080043c8	5
FUN_080009bc	5
FUN_0808408c	4
FUN_0808358c	4
FUN_08080974	4
FUN_0807f7d8	4
FUN_0807f3f8	4
FUN_0807ddd8	4
FUN_0807d330	4
FUN_08078b18	4
FUN_08074da0	4
FUN_08070600	4
FUN_0806c7b4	4
FUN_08061722	4
FUN_0805cbf2	4
FUN_080540a8	4
FUN_0805409e	4
FUN_08053edc	4
FUN_08053ec6	4
FUN_08053ea2	4
FUN_08053e68	4
FUN_08053e62	4
FUN_08053d4c	4
FUN_08051d24	4
FUN_08051508	4
FUN_0804f4c4	4
FUN_0804f2ee	4
FUN_0804ec78	4
FUN_0804e4b8	4
FUN_0804cd38	4
FUN_0804c8a4	4
FUN_0804c734	4
FUN_0804b330	4
FUN_08048604	4
FUN_08047e80	4
FUN_0803cab8	4
FUN_0803ca08	4
FUN_0803c868	4
FUN_0802bce4	4
FUN_0802abbc	4
FUN_0802ab98	4
FUN_08029218	4
FUN_0802920c	4
FUN_08025be0	4
FUN_08023fe6	4
FUN_080212d8	4
FUN_080211f0	4
FUN_08020520	4
FUN_0801fa86	4
FUN_0801eba4	4
FUN_0801e880	4
FUN_0801e058	4
FUN_0801cf24	4
FUN_0801c850	4
FUN_08018768	4
FUN_08018538	4
FUN_080128f0	4
FUN_0801266a	4
FUN_08012454	4
FUN_08012300	4
FUN_080114ba	4
FUN_08011138	4
FUN_08010d70	4
FUN_08010d38	4
FUN_080106c8	4
FUN_0800e958	4
FUN_0800cabc	4
FUN_0800bd0c	4
FUN_0800b678	4
FUN_0800b5aa	4
FUN_0800a790	4
FUN_0800a538	4
FUN_0800a42c	4
FUN_08009fbe	4
FUN_08008e1c	4
FUN_08008b32	4
FUN_08007900	4
FUN_08000a8e	4
FUN_0800099e	4
FUN_08000904	4
FUN_08000856	4
FUN_08084a18	3
FUN_08083b00	3
FUN_0808314c	3
FUN_08083140	3
FUN_0807dd98	3
FUN_0807dd92	3
FUN_0807dd60	3
FUN_08076a38	3
FUN_08074de4	3
FUN_08071fb4	3
FUN_0807164c	3
FUN_080715a2	3
FUN_0806e918	3
FUN_0806cf58	3
FUN_0806cb48	3
FUN_0806c650	3
FUN_0806c518	3
FUN_0806c0c0	3
FUN_0806c01c	3
FUN_0806bdea	3
FUN_08062b10	3
FUN_0805dc00	3
FUN_0805db34	3
FUN_0805d6d2	3
FUN_0805cc28	3
FUN_08054154	3
FUN_08054092	3
FUN_080530f0	3
FUN_08051e44	3
FUN_08051ac0	3
FUN_0804f758	3
FUN_0804e480	3
FUN_0804e0ac	3
FUN_0804cebc	3
FUN_0804bf54	3
FUN_0804bcd0	3
FUN_0804b84c	3
FUN_0804b676	3
FUN_080498b8	3
FUN_08048f14	3
FUN_0804836c	3
FUN_08043790	3
FUN_08041d7c	3
FUN_0803ca34	3
FUN_0803c8ec	3
FUN_0803a734	3
FUN_0803a688	3
FUN_08039824	3
FUN_08036fe8	3
FUN_08034fcc	3
FUN_0802b6fc	3
FUN_0802b3e0	3
FUN_0802b094	3
FUN_0802abe4	3
FUN_080267f8	3
FUN_08025c16	3
FUN_08022838	3
FUN_0801feee	3
FUN_0801f4c6	3
FUN_0801e208	3
FUN_0801dfe0	3
FUN_0801d2ec	3
FUN_0801d050	3
FUN_0801ccd8	3
FUN_0801c8b4	3
FUN_0801bf9c	3
FUN_08018f5c	3
FUN_080188f8	3
FUN_0801874e	3
FUN_08018514	3
FUN_08014fe4	3
FUN_08013e1a	3
FUN_080130dc	3
FUN_08012cdc	3
FUN_08012696	3
FUN_080125f4	3
FUN_080125ec	3
FUN_080121c4	3
FUN_080120a8	3
FUN_0801194c	3
FUN_08011574	3
FUN_080114d2	3
FUN_080113c8	3
FUN_08011264	3
FUN_080111f4	3
FUN_080110c0	3
FUN_08010d08	3
FUN_08010cb4	3
FUN_08010bac	3
FUN_08010b90	3
FUN_0800fda8	3
FUN_0800fd60	3
FUN_0800e978	3
FUN_0800e8d4	3
FUN_0800d0f4	3
FUN_0800cb20	3
FUN_0800cab2	3
FUN_0800c9d8	3
FUN_0800c83e	3
FUN_0800c3dc	3
FUN_0800bfb0	3
FUN_0800b548	3
FUN_0800ad18	3
FUN_0800abf8	3
FUN_0800aa78	3
FUN_0800a66c	3
FUN_0800a636	3
FUN_0800a518	3
FUN_08009d90	3
FUN_08008f24	3
FUN_08008e38	3
FUN_08008b80	3
FUN_08007c30	3
FUN_08007b90	3
FUN_08004b70	3
FUN_08004ac4	3
FUN_080049e8	3
FUN_08002c94	3
FUN_0800214c	3
FUN_08002120	3
FUN_08001e90	3
FUN_08000b2a	3
FUN_08000834	3
FUN_08000744	3
FUN_080005ca	3
FUN_08000464	3
FUN_080003f4	3
FUN_08084d70	2
FUN_08084c50	2
FUN_08084c34	2
FUN_08084928	2
FUN_0808436c	2
FUN_0808416c	2
FUN_08083d9c	2
FUN_08083a08	2
FUN_08083920	2
FUN_080834d0	2
FUN_080833c4	2
FUN_080833a8	2
FUN_080831b0	2
FUN_0808318e	2
FUN_08082460	2
FUN_0808232c	2
FUN_080810c4	2
FUN_0807f998	2
FUN_0807ef68	2
FUN_0807ef58	2
FUN_0807ef40	2
FUN_0807dde2	2
FUN_0807dd9c	2
FUN_0807dd88	2
FUN_0807db88	2
FUN_0807d240	2
FUN_0807cdc0	2
FUN_0807ab54	2
FUN_0807a0f8	2
FUN_0807977c	2
FUN_08078be8	2
FUN_08078424	2
FUN_08072fd4	2
FUN_080718a0	2
FUN_0807152c	2
FUN_080705ec	2
FUN_080705cc	2
FUN_0806f524	2
FUN_0806f354	2
FUN_0806cdcc	2
FUN_0806c68c	2
FUN_0806c670	2
FUN_0806c494	2
FUN_0806c1b4	2
FUN_0806c13c	2
FUN_0806bfb4	2
FUN_0806be56	2
FUN_08065660	2
FUN_08065654	2
FUN_08064d80	2
FUN_08063d18	2
FUN_0806324c	2
FUN_08063178	2
FUN_080630b0	2
FUN_08062cb4	2
FUN_08062aa0	2
FUN_08062980	2
FUN_080625a8	2
FUN_08062564	2
FUN_08061714	2
FUN_08060de0	2
FUN_08060dc4	2
FUN_0805fef4	2
FUN_0805e380	2
FUN_0805e176	2
FUN_0805dda8	2
FUN_0805dca0	2
FUN_0805dbc4	2
FUN_0805db98	2
FUN_0805d8e0	2
FUN_0805d62a	2
FUN_0805ca30	2
FUN_0805c8f6	2
FUN_0805c648	2
FUN_0805c214	2
FUN_080545dc	2
FUN_0805407c	2
FUN_08053e98	2
FUN_08053e5c	2
FUN_08053d60	2
FUN_08053500	2
FUN_080528fc	2
FUN_0804fe30	2
FUN_0804fde0	2
FUN_0804fdb4	2
FUN_0804f350	2
FUN_0804f15c	2
FUN_0804f154	2
FUN_0804eda0	2
FUN_0804ed80	2
FUN_0804ed30	2
FUN_0804eb08	2
FUN_0804e634	2
FUN_0804df48	2
FUN_0804dc9c	2
FUN_0804dbec	2
FUN_0804dbb0	2
FUN_0804d860	2
FUN_0804d708	2
FUN_0804d6d4	2
FUN_0804d610	2
FUN_0804d20c	2
FUN_0804cd0e	2
FUN_0804c4c0	2
FUN_0804c320	2
FUN_0804bf98	2
FUN_0804be2c	2
FUN_0804bdf4	2
FUN_0804bd94	2
FUN_0804bc50	2
FUN_0804b9fc	2
FUN_0804b7a4	2
FUN_0804b6f4	2
FUN_0804b6b4	2
FUN_0804b664	2
FUN_0804b3a8	2
FUN_0804b1b0	2
FUN_0804b1a0	2
FUN_0804b190	2
FUN_08049cfc	2
FUN_08049830	2
FUN_080496c4	2
FUN_0804955c	2
FUN_08048f28	2
FUN_08048e60	2
FUN_08048758	2
FUN_08048744	2
FUN_080483f4	2
FUN_0804838c	2
FUN_08048228	2
FUN_08047fbc	2
FUN_08043ac0	2
FUN_08041d58	2
FUN_0803cad6	2
FUN_0803c962	2
FUN_0803c92c	2
FUN_0803c90c	2
FUN_08034ff4	2
FUN_08034a40	2
FUN_0803482c	2
FUN_0802f97c	2
FUN_0802c8e4	2
FUN_0802b71c	2
FUN_0802afb4	2
FUN_0802ad88	2
FUN_080292e8	2
FUN_08025c80	2
FUN_08025ac4	2
FUN_08025564	2
FUN_08024e14	2
FUN_080241d0	2
FUN_080240ec	2
FUN_08023e18	2
FUN_08023c9c	2
FUN_0802355c	2
FUN_08022fe4	2
FUN_080202f8	2
FUN_08020258	2
FUN_0801faf4	2
FUN_0801faa0	2
FUN_0801fa08	2
FUN_0801f9f0	2
FUN_0801f9d0	2
FUN_0801f99a	2
FUN_0801f98a	2
FUN_0801f980	2
FUN_0801f948	2
FUN_0801f934	2
FUN_0801f8fe	2
FUN_0801f8e0	2
FUN_0801f6bc	2
FUN_0801f68c	2
FUN_0801f2e8	2
FUN_0801e814	2
FUN_0801e080	2
FUN_0801d9d8	2
FUN_0801d000	2
FUN_0801cf0c	2
FUN_0801cdd0	2
FUN_0801c700	2
FUN_0801c200	2
FUN_0801bc80	2
FUN_0801afd4	2
FUN_0801af84	2
FUN_080190d4	2
FUN_08018f8e	2
FUN_08018f1e	2
FUN_08018ec4	2
FUN_08018e6c	2
FUN_08018732	2
FUN_0801870c	2
FUN_08018528	2
FUN_08018464	2
FUN_0801816a	2
FUN_08015098	2
FUN_080145fc	2
FUN_08013cf8	2
FUN_08013adc	2
FUN_08012cb0	2
FUN_08012c3c	2
FUN_080129a0	2
FUN_0801295c	2
FUN_08012904	2
FUN_08012784	2
FUN_08012724	2
FUN_08012710	2
FUN_080125fc	2
FUN_08012598	2
FUN_08012398	2
FUN_080122e4	2
FUN_0801226c	2
FUN_08012264	2
FUN_080121d0	2
FUN_080121b2	2
FUN_08011de8	2
FUN_08011dd4	2
FUN_0801168c	2
FUN_08011492	2
FUN_08011398	2
FUN_080112dc	2
FUN_0801121e	2
FUN_08011114	2
FUN_0801108c	2
FUN_08010e4c	2
FUN_08010d5c	2
FUN_08010d4c	2
FUN_080108f4	2
FUN_080108e4	2
FUN_080108d4	2
FUN_08010784	2
FUN_08010558	2
FUN_0800f5ac	2
FUN_0800f564	2
FUN_0800ebd4	2
FUN_0800e940	2
FUN_0800cb0e	2
FUN_0800c95c	2
FUN_0800c8ac	2
FUN_0800c808	2
FUN_0800c4f0	2
FUN_0800c2a8	2
FUN_0800c230	2
FUN_0800c098	2
FUN_0800c058	2
FUN_0800bd84	2
FUN_0800bc48	2
FUN_0800bc0c	2
FUN_0800b87c	2
FUN_0800b630	2
FUN_0800b5fc	2
FUN_0800ae90	2
FUN_0800ac48	2
FUN_0800a578	2
FUN_0800a494	2
FUN_08009efc	2
FUN_08009738	2
FUN_08009730	2
FUN_08008e48	2
FUN_08008d74	2
FUN_08008ba8	2
FUN_08008ac0	2
FUN_08008a88	2
FUN_08007cac	2
FUN_08007bea	2
FUN_08007b9c	2
FUN_080065b8	2
FUN_08005c48	2
FUN_08005ab8	2
FUN_08004b20	2
FUN_08004af8	2
FUN_0800491c	2
FUN_080045e6	2
FUN_080042d0	2
FUN_08002cb4	2
FUN_0800279c	2
FUN_08001fa0	2
FUN_08001cde	2
FUN_08001c34	2
FUN_08001114	2
FUN_08000870	2
FUN_0800074a	2
FUN_0800057c	2
FUN_08000564	2
FUN_08084dfc	1
FUN_08084c6c	1
FUN_0808458c	1
FUN_080840d8	1
FUN_08083d04	1
FUN_08083cc0	1
FUN_08083b64	1
FUN_08083b58	1
FUN_08083984	1
FUN_08083830	1
FUN_08083824	1
FUN_08083744	1
FUN_0808368c	1
FUN_0808356c	1
FUN_080833be	1
FUN_08083390	1
FUN_08083358	1
FUN_08083260	1
FUN_080827b8	1
FUN_08082770	1
FUN_080819a4	1
FUN_08081964	1
FUN_080810e0	1
FUN_08080d44	1
FUN_08080ae4	1
FUN_0808084c	1
FUN_0808051c	1
FUN_0807f9bc	1
FUN_0807f9a0	1
FUN_0807f86c	1
FUN_0807f704	1
FUN_0807f6b4	1
FUN_0807f648	1
FUN_0807f474	1
FUN_0807f19c	1
FUN_0807f094	1
FUN_0807f088	1
FUN_0807f010	1
FUN_0807ef8c	1
FUN_0807eee8	1
FUN_0807ee88	1
FUN_0807ee5c	1
FUN_0807ed8c	1
FUN_0807eab4	1
FUN_0807ea84	1
FUN_0807e094	1
FUN_0807e050	1
FUN_0807e00c	1
FUN_0807de34	1
FUN_0807dc44	1
FUN_0807dc18	1
FUN_0807dbdc	1
FUN_0807dba0	1
FUN_0807db58	1
FUN_0807dac0	1
FUN_0807dab8	1
FUN_0807da9c	1
FUN_0807da74	1
FUN_0807d908	1
FUN_0807d888	1
FUN_0807d7dc	1
FUN_0807d65c	1
FUN_0807d198	1
FUN_0807d0e4	1
FUN_0807d028	1
FUN_0807ce94	1
FUN_0807ce08	1
FUN_0807c9a0	1
FUN_0807bf20	1
FUN_0807bcc8	1
FUN_0807b9a0	1
FUN_0807b0a4	1
FUN_0807a068	1
FUN_08079b30	1
FUN_08079020	1
FUN_08078ee8	1
FUN_08078ed8	1
FUN_080788a0	1
FUN_08078884	1
FUN_08078808	1
FUN_08077e10	1
FUN_08076b2c	1
FUN_080765f8	1
FUN_080764fc	1
FUN_08073f10	1
FUN_08073a28	1
FUN_08072e08	1
FUN_08071e6c	1
FUN_080719f8	1
FUN_08070688	1
FUN_08070664	1
FUN_08070644	1
FUN_0806fa80	1
FUN_0806f79c	1
FUN_0806f5e8	1
FUN_0806f39c	1
FUN_0806ed94	1
FUN_0806eb98	1
FUN_0806e938	1
FUN_0806e8cc	1
FUN_0806e880	1
FUN_0806e85c	1
FUN_0806e79c	1
FUN_0806e6d0	1
FUN_0806e66c	1
FUN_0806e608	1
FUN_0806e5a4	1
FUN_0806e4e4	1
FUN_0806e418	1
FUN_0806e3c0	1
FUN_0806e374	1
FUN_0806e328	1
FUN_0806e2dc	1
FUN_0806e2c0	1
FUN_0806e1f0	1
FUN_0806e1b8	1
FUN_0806e0b4	1
FUN_0806dff8	1
FUN_0806df6c	1
FUN_0806df14	1
FUN_0806de74	1
FUN_0806ddd4	1
FUN_0806d9ec	1
FUN_0806d800	1
FUN_0806d0d4	1
FUN_0806cf8c	1
FUN_0806cc24	1
FUN_0806caac	1
FUN_0806c8bc	1
FUN_0806c81c	1
FUN_0806c7e4	1
FUN_0806c7d0	1
FUN_0806c508	1
FUN_0806c4e8	1
FUN_0806c3c0	1
FUN_0806c2e0	1
FUN_0806c2c8	1
FUN_0806c000	1
FUN_0806bee0	1
FUN_0806be6c	1
FUN_0806bdc4	1
FUN_0806bca4	1
FUN_0806bbd8	1
FUN_0806566c	1
FUN_08065440	1
FUN_08065370	1
FUN_08065260	1
FUN_08064890	1
FUN_0806479c	1
FUN_08064630	1
FUN_08064594	1
FUN_08064570	1
FUN_08063b64	1
FUN_08063a58	1
FUN_08063638	1
FUN_08063428	1
FUN_0806322c	1
FUN_08063218	1
FUN_080631b0	1
FUN_080631a0	1
FUN_08063068	1
FUN_08062d14	1
FUN_08062c8c	1
FUN_08062c64	1
FUN_08062a08	1
FUN_0806299a	1
FUN_08062834	1
FUN_0806273c	1
FUN_080626dc	1
FUN_08062530	1
FUN_08062380	1
FUN_080619c8	1
FUN_08061878	1
FUN_080617a0	1
FUN_08060d60	1
FUN_08060d00	1
FUN_08060c98	1
FUN_08060c2c	1
FUN_08060bc8	1
FUN_08060b58	1
FUN_08060ae8	1
FUN_08060a8c	1
FUN_08060a28	1
FUN_08060924	1
FUN_080608b4	1
FUN_080607d0	1
FUN_0806061c	1
FUN_0806048c	1
FUN_08060404	1
FUN_0806038c	1
FUN_0806031c	1
FUN_08060228	1
FUN_0805fdd4	1
FUN_0805f4ac	1
FUN_0805ef54	1
FUN_0805e400	1
FUN_0805e194	1
FUN_0805e182	1
FUN_0805e02c	1
FUN_0805ded4	1
FUN_0805dc44	1
FUN_0805db4a	1
FUN_0805da50	1
FUN_0805da20	1
FUN_0805d7d6	1
FUN_0805d7a6	1
FUN_0805d74e	1
FUN_0805d5b8	1
FUN_0805d2e4	1
FUN_0805d296	1
FUN_0805d28c	1
FUN_0805d1bc	1
FUN_0805d164	1
FUN_0805cd06	1
FUN_0805cc44	1
FUN_0805cba8	1
FUN_0805c8b6	1
FUN_0805c7e8	1
FUN_0805c75e	1
FUN_0805c5a4	1
FUN_0805c504	1
FUN_0805c3d4	1
FUN_0805bb4c	1
FUN_0805acec	1
FUN_0805a050	1
FUN_08059758	1
FUN_08058de0	1
FUN_08058c90	1
FUN_08054138	1
FUN_080540b4	1
FUN_08053ef0	1
FUN_08053ae0	1
FUN_08053874	1
FUN_08053754	1
FUN_08053224	1
FUN_080531d4	1
FUN_080515ec	1
FUN_0805115c	1
FUN_0804ff60	1
FUN_0804fce0	1
FUN_0804fc38	1
FUN_0804f6a4	1
FUN_0804f496	1
FUN_0804f438	1
FUN_0804f334	1
FUN_0804edd4	1
FUN_0804ec5c	1
FUN_0804eb7c	1
FUN_0804e754	1
FUN_0804e668	1
FUN_0804e600	1
FUN_0804e3d4	1
FUN_0804e2b4	1
FUN_0804e224	1
FUN_0804e030	1
FUN_0804df64	1
FUN_0804ded4	1
FUN_0804dce4	1
FUN_0804dcd0	1
FUN_0804dc24	1
FUN_0804d77c	1
FUN_0804d274	1
FUN_0804d1bc	1
FUN_0804d0f0	1
FUN_0804cd64	1
FUN_0804c8b0	1
FUN_0804c8a2	1
FUN_0804c830	1
FUN_0804c7c0	1
FUN_0804c750	1
FUN_0804c6d4	1
FUN_0804c404	1
FUN_0804c2a4	1
FUN_0804c164	1
FUN_0804c0a8	1
FUN_0804bf04	1
FUN_0804bec4	1
FUN_0804be36	1
FUN_0804b8d8	1
FUN_0804b71c	1
FUN_0804b6cc	1
FUN_0804b68c	1
FUN_0804b628	1
FUN_0804b5c8	1
FUN_0804b4cc	1
FUN_0804b44c	1
FUN_0804b3c8	1
FUN_0804b0b8	1
FUN_0804b084	1
FUN_08049d50	1
FUN_08049d28	1
FUN_08049d14	1
FUN_08049cac	1
FUN_080498e8	1
FUN_080495e8	1
FUN_080493f8	1
FUN_080490e0	1
FUN_08048ffc	1
FUN_08048f3c	1
FUN_08048edc	1
FUN_08048ea8	1
FUN_08048e90	1
FUN_08048e88	1
FUN_08048e80	1
FUN_08048e34	1
FUN_08048e14	1
FUN_080489e0	1
FUN_08048984	1
FUN_08048880	1
FUN_0804876c	1
FUN_08048728	1
FUN_080486ec	1
FUN_080485f8	1
FUN_080485ec	1
FUN_080485e0	1
FUN_0804853c	1
FUN_08048254	1
FUN_08048244	1
FUN_080481d8	1
FUN_0804811c	1
FUN_0804810c	1
FUN_08048030	1
FUN_08048020	1
FUN_08047fb0	1
FUN_08047f54	1
FUN_08047ea4	1
FUN_08047e40	1
FUN_08047d2c	1
FUN_08047c8c	1
FUN_08047c54	1
FUN_08044488	1
FUN_0804434c	1
FUN_08044188	1
FUN_08043bfc	1
FUN_08041a14	1
FUN_0803cb94	1
FUN_0803b9f4	1
FUN_0803b764	1
FUN_0803b64c	1
FUN_0803b384	1
FUN_0803b21c	1
FUN_0803a7a0	1
FUN_08039e8c	1
FUN_080372b8	1
FUN_08035000	1
FUN_08034fe8	1
FUN_08034f7c	1
FUN_08032e20	1
FUN_08030000	1
FUN_0802fa0c	1
FUN_0802c8c4	1
FUN_0802c69c	1
FUN_0802c424	1
FUN_0802c1c8	1
FUN_0802c1ac	1
FUN_0802c18c	1
FUN_0802c05c	1
FUN_0802bd4c	1
FUN_0802bd10	1
FUN_0802b7a0	1
FUN_0802b564	1
FUN_0802b310	1
FUN_0802b240	1
FUN_0802b1dc	1
FUN_0802b12c	1
FUN_0802b038	1
FUN_0802af38	1
FUN_0802ae18	1
FUN_0802abf4	1
FUN_0802abd8	1
FUN_0802ab18	1
FUN_0802aa48	1
FUN_0802a3d0	1
FUN_0802a0ac	1
FUN_08029d48	1
FUN_08029bb4	1
FUN_08029b38	1
FUN_080297c0	1
FUN_08029518	1
FUN_080294c0	1
FUN_080294a4	1
FUN_08029450	1
FUN_08029340	1
FUN_080291bc	1
FUN_08029174	1
FUN_08029168	1
FUN_08028f04	1
FUN_08028c24	1
FUN_08028910	1
FUN_0802829c	1
FUN_080281f0	1
FUN_08027bf4	1
FUN_080279ac	1
FUN_080278cc	1
FUN_08026ea8	1
FUN_08026b30	1
FUN_080266b4	1
FUN_08025c90	1
FUN_08025598	1
FUN_080254cc	1
FUN_08025498	1
FUN_080253e0	1
FUN_0802525c	1
FUN_08024788	1
FUN_0802440c	1
FUN_08024200	1
FUN_08023ef0	1
FUN_080236cc	1
FUN_08023520	1
FUN_08022a80	1
FUN_080228b0	1
FUN_08022888	1
FUN_08022874	1
FUN_08022828	1
FUN_08022818	1
FUN_08021f9c	1
FUN_080217e8	1
FUN_080213c0	1
FUN_08020e54	1
FUN_08020878	1
FUN_08020678	1
FUN_08020666	1
FUN_08020000	1
FUN_0801ffdc	1
FUN_0801ff70	1
FUN_0801fb80	1
FUN_0801f4b8	1
FUN_0801f4a8	1
FUN_0801f2f4	1
FUN_0801f2a4	1
FUN_0801f280	1
FUN_0801eb94	1
FUN_0801ea10	1
FUN_0801e890	1
FUN_0801e698	1
FUN_0801e670	1
FUN_0801e458	1
FUN_0801e0dc	1
FUN_0801e034	1
FUN_0801e008	1
FUN_0801dfb0	1
FUN_0801df6c	1
FUN_0801df12	1
FUN_0801defc	1
FUN_0801de94	1
FUN_0801da6c	1
FUN_0801da10	1
FUN_0801d890	1
FUN_0801d45c	1
FUN_0801d40c	1
FUN_0801d380	1
FUN_0801d23c	1
FUN_0801d100	1
FUN_0801d0a0	1
FUN_0801cf30	1
FUN_0801cbd0	1
FUN_0801cb54	1
FUN_0801c78c	1
FUN_0801c724	1
FUN_0801c538	1
FUN_0801c3f8	1
FUN_0801c16c	1
FUN_0801bc58	1
FUN_0801b438	1
FUN_0801b3ec	1
FUN_0801b21c	1
FUN_0801b1f8	1
FUN_0801b080	1
FUN_0801b07c	1
FUN_0801b014	1
FUN_0801aeb4	1
FUN_0801ae6c	1
FUN_0801a2c4	1
FUN_0801a220	1
FUN_0801a18c	1
FUN_0801a100	1
FUN_0801a090	1
FUN_08019f94	1
FUN_08019b1c	1
FUN_08019a04	1
FUN_080199d4	1
FUN_080199c8	1
FUN_08019990	1
FUN_080198f0	1
FUN_08019880	1
FUN_08019860	1
FUN_08019858	1
FUN_0801980c	1
FUN_0801938c	1
FUN_080191fe	1
FUN_080191c8	1
FUN_0801916c	1
FUN_080190c8	1
FUN_0801907c	1
FUN_08018edc	1
FUN_08018e40	1
FUN_080187d0	1
FUN_08018798	1
FUN_080186e8	1
FUN_08018508	1
FUN_080184e4	1
FUN_08018224	1
FUN_080181b4	1
FUN_08018194	1
FUN_08018170	1
FUN_08015174	1
FUN_08014d20	1
FUN_08014d10	1
FUN_08014c74	1
FUN_080149dc	1
FUN_0801456c	1
FUN_08014518	1
FUN_08014364	1
FUN_080142ec	1
FUN_08014244	1
FUN_080141d2	1
FUN_08014030	1
FUN_08013e70	1
FUN_08013e4a	1
FUN_08013e00	1
FUN_08013de6	1
FUN_08013dc6	1
FUN_08013c9c	1
FUN_08013c58	1
FUN_08013c2c	1
FUN_08013c14	1
FUN_08013be0	1
FUN_08013a18	1
FUN_08013880	1
FUN_080136a8	1
FUN_080135a0	1
FUN_0801351c	1
FUN_08013474	1
FUN_080133f4	1
FUN_08013394	1
FUN_08013304	1
FUN_08012fcc	1
FUN_08012f14	1
FUN_08012e7c	1
FUN_08012e54	1
FUN_08012e18	1
FUN_08012e00	1
FUN_08012d14	1
FUN_08012c78	1
FUN_08012bfc	1
FUN_08012b60	1
FUN_08012948	1
FUN_080127a8	1
FUN_080126fe	1
FUN_080126f2	1
FUN_080126e2	1
FUN_080126d6	1
FUN_080126c6	1
FUN_08012680	1
FUN_08012660	1
FUN_08012654	1
FUN_080122a8	1
FUN_0801228e	1
FUN_08012284	1
FUN_08012170	1
FUN_08011dfc	1
FUN_08011be0	1
FUN_08011bd4	1
FUN_08011bc8	1
FUN_08011bbc	1
FUN_08011b90	1
FUN_08011a3c	1
FUN_08011a18	1
FUN_080119ca	1
FUN_080119a0	1
FUN_0801196c	1
FUN_08011946	1
FUN_08011936	1
FUN_08011910	1
FUN_080118e8	1
FUN_0801178c	1
FUN_08011730	1
FUN_080116bc	1
FUN_080116a4	1
FUN_080114ec	1
FUN_08011424	1
FUN_080113f6	1
FUN_080113ec	1
FUN_080113e8	1
FUN_080113e2	1
FUN_080113d8	1
FUN_0801137c	1
FUN_08011370	1
FUN_08011364	1
FUN_08011244	1
FUN_080111f8	1
FUN_080111c0	1
FUN_080110f0	1
FUN_080110e0	1
FUN_08011018	1
FUN_08010d24	1
FUN_08010bc8	1
FUN_08010a84	1
FUN_08010a74	1
FUN_08010a28	1
FUN_080108c4	1
FUN_08010870	1
FUN_08010550	1
FUN_080101d8	1
FUN_0800ffdc	1
FUN_0800fdf0	1
FUN_0800fd70	1
FUN_0800fcec	1
FUN_0800fc5c	1
FUN_0800fba8	1
FUN_0800fa4c	1
FUN_0800f764	1
FUN_0800f5e0	1
FUN_0800e818	1
FUN_0800e7d4	1
FUN_0800e624	1
FUN_0800d170	1
FUN_0800d13c	1
FUN_0800d034	1
FUN_0800cf50	1
FUN_0800cf44	1
FUN_0800cf1c	1
FUN_0800cd4c	1
FUN_0800cb2a	1
FUN_0800cac6	1
FUN_0800c988	1
FUN_0800c936	1
FUN_0800c8e0	1
FUN_0800c88c	1
FUN_0800c7b0	1
FUN_0800c662	1
FUN_0800c528	1
FUN_0800c4cc	1
FUN_0800c4c4	1
FUN_0800c4bc	1
FUN_0800c4b4	1
FUN_0800c424	1
FUN_0800c3bc	1
FUN_0800c3ac	1
FUN_0800c35c	1
FUN_0800c0b0	1
FUN_0800c070	1
FUN_0800bea4	1
FUN_0800be24	1
FUN_0800bda4	1
FUN_0800bc84	1
FUN_0800bc18	1
FUN_0800bbf4	1
FUN_0800b9f6	1
FUN_0800b9b6	1
FUN_0800b81a	1
FUN_0800b5dc	1
FUN_0800b5c8	1
FUN_0800b4a4	1
FUN_0800af14	1
FUN_0800aea8	1
FUN_0800ad90	1
FUN_0800ac2c	1
FUN_0800aaec	1
FUN_0800aadc	1
FUN_0800a998	1
FUN_0800a910	1
FUN_0800a8b8	1
FUN_0800a864	1
FUN_0800a6f0	1
FUN_0800a5ae	1
FUN_0800a558	1
FUN_0800a3ec	1
FUN_0800a3cc	1
FUN_0800a170	1
FUN_0800a0bc	1
FUN_08009e60	1
FUN_08009d7c	1
FUN_08009d60	1
FUN_080090d8	1
FUN_08008d98	1
FUN_08008cd0	1
FUN_08008c38	1
FUN_08008b3c	1
FUN_08008b28	1
FUN_08008a24	1
FUN_08008960	1
FUN_08007e30	1
FUN_08007dac	1
FUN_08007d7c	1
FUN_08007b84	1
FUN_08007afc	1
FUN_080079ec	1
FUN_0800796c	1
FUN_08007948	1
FUN_0800779c	1
FUN_080071c2	1
FUN_080071c0	1
FUN_08006fe8	1
FUN_08006d3c	1
FUN_08006ac0	1
FUN_080068f4	1
FUN_08006658	1
FUN_08006598	1
FUN_08006560	1
FUN_08006550	1
FUN_080064fe	1
FUN_080064e4	1
FUN_080064cc	1
FUN_0800647c	1
FUN_0800646e	1
FUN_0800644e	1
FUN_08006418	1
FUN_08006408	1
FUN_080063d8	1
FUN_080063c2	1
FUN_0800638c	1
FUN_0800636e	1
FUN_08006364	1
FUN_08006320	1
FUN_080062fc	1
FUN_08005ac4	1
FUN_08005a78	1
FUN_08005a58	1
FUN_080059f0	1
FUN_080058f8	1
FUN_08004ca8	1
FUN_08004b90	1
FUN_08004b78	1
FUN_08004b50	1
FUN_08004a80	1
FUN_08004a26	1
FUN_08004856	1
FUN_08004840	1
FUN_080047d8	1
FUN_08004714	1
FUN_08004404	1
FUN_080043d4	1
FUN_08004364	1
FUN_0800434a	1
FUN_08004250	1
FUN_08003fc0	1
FUN_08003e24	1
FUN_08003cf4	1
FUN_08003054	1
FUN_08002fd8	1
FUN_08002f30	1
FUN_08002d0c	1
FUN_08002bc0	1
FUN_08002748	1
FUN_08002614	1
FUN_080025a8	1
FUN_080024dc	1
FUN_08002074	1
FUN_08002034	1
FUN_08001fd0	1
FUN_08001ee8	1
FUN_08001e5c	1
FUN_08001c6c	1
FUN_08001bb8	1
FUN_08001b4c	1
FUN_08001370	1
FUN_080012d0	1
FUN_08000f38	1
FUN_08000f06	1
FUN_08000e48	1
FUN_08000dd4	1
FUN_08000d32	1
FUN_08000c94	1
FUN_08000c8c	1
FUN_08000c36	1
FUN_08000c08	1
FUN_08000a00	1
FUN_080009dc	1
FUN_08000972	1
FUN_0800094e	1
FUN_08000934	1
FUN_080008d4	1
FUN_080008ae	1
FUN_080005e8	1
FUN_0800059e	1
FUN_08000540	1
FUN_08000456	1
FUN_080003bc	1
FUN_08000168	1
