FUN_0801a258	19
FUN_0801a5f0	17
FUN_080004d4	17
FUN_0801bd28	15
FUN_0801a3e0	15
FUN_080141e8	14
FUN_08012b6c	14
FUN_0801bf78	12
FUN_0801a16c	12
FUN_080164bc	12
FUN_08019bf4	11
FUN_080175e8	11
FUN_0801b180	10
FUN_08019914	10
FUN_0801ab88	9
FUN_08018758	9
FUN_080180a0	9
FUN_08013680	9
FUN_0801b09c	8
FUN_08019a18	8
FUN_08016784	8
FUN_08014e88	8
FUN_0801337c	8
FUN_0801c818	7
FUN_0801b790	7
FUN_0801a9a0	7
FUN_08019d34	7
FUN_08016fa0	7
FUN_08015dcc	7
FUN_08013fd0	7
FUN_08012ee6	7
FUN_0801899c	6
FUN_08018828	6
FUN_0801715c	6
FUN_08011f28	6
FUN_08011bac	6
FUN_080005e0	6
FUN_0800049c	6
FUN_08000194	6
FUN_0801c2d8	5
FUN_0801bec0	5
FUN_08018d24	5
FUN_0801608c	5
FUN_08014b6c	5
FUN_080120bc	5
FUN_0800198c	5
FUN_08000694	5
FUN_0801c51c	4
FUN_0801c3d4	4
FUN_0801c280	4
FUN_0801c1e8	4
FUN_0801c100	4
FUN_0801b6d8	4
FUN_0801b65c	4
FUN_0801b51c	4
FUN_08019f84	4
FUN_08018cb8	4
FUN_080188cc	4
FUN_08018648	4
FUN_080178d0	4
FUN_08015fa8	4
FUN_0801499e	4
FUN_08014090	4
FUN_08013bbc	4
FUN_08013314	4
FUN_08012fd4	4
FUN_08012da8	4
FUN_08001a34	4
FUN_0801c76c	3
FUN_0801c6a4	3
FUN_0801c618	3
FUN_0801bcb0	3
FUN_0801b87c	3
FUN_0801aac4	3
FUN_0801a4a0	3
FUN_08019f30	3
FUN_080191d4	3
FUN_0801885c	3
FUN_08017b44	3
FUN_0801418c	3
FUN_08013540	3
FUN_08013100	3
FUN_08012d78	3
FUN_08011a1a	3
FUN_080119a4	3
FUN_08011156	3
FUN_08010b3c	3
FUN_08010a14	3
FUN_0800176c	3
FUN_08000270	3
FUN_0801bc8c	2
FUN_0801b8e0	2
FUN_0801b5d8	2
FUN_0801a1f8	2
FUN_0801a154	2
FUN_0801a060	2
FUN_08019eb8	2
FUN_08019e34	2
FUN_080199cc	2
FUN_08019388	2
FUN_08018c20	2
FUN_08018b08	2
FUN_08018a12	2
FUN_080179f8	2
FUN_08016d20	2
FUN_080168b8	2
FUN_08015080	2
FUN_08014ac8	2
FUN_0801459c	2
FUN_08014538	2
FUN_08013d7c	2
FUN_08013d30	2
FUN_08013b30	2
FUN_08012fe0	2
FUN_08012ce8	2
FUN_08011eb8	2
FUN_08011e0c	2
FUN_08011db8	2
FUN_08011b40	2
FUN_08011a00	2
FUN_0801196c	2
FUN_08011920	2
FUN_080113a0	2
FUN_080110ba	2
FUN_080108a4	2
FUN_080005a0	2
FUN_08000244	2
FUN_080001fa	2
FUN_08000130	2
FUN_0801ba68	1
FUN_0801b964	1
FUN_0801b4c4	1
FUN_0801b458	1
FUN_0801b2fc	1
FUN_0801b128	1
FUN_0801b044	1
FUN_0801b028	1
FUN_0801aef0	1
FUN_0801a994	1
FUN_0801a984	1
FUN_0801a56c	1
FUN_0801a510	1
FUN_0801a4fc	1
FUN_0801a4e8	1
FUN_08019510	1
FUN_08019340	1
FUN_08019300	1
FUN_080192c8	1
FUN_08019288	1
FUN_08019240	1
FUN_08019068	1
FUN_08018a7e	1
FUN_080189ec	1
FUN_08017f92	1
FUN_08017bc4	1
FUN_08017884	1
FUN_080177fc	1
FUN_08016c44	1
FUN_08016ba8	1
FUN_08016ae4	1
FUN_08015c68	1
FUN_080159a0	1
FUN_08015260	1
FUN_08015008	1
FUN_08014a02	1
FUN_080147f8	1
FUN_080146b0	1
FUN_080145f8	1
FUN_080145e4	1
FUN_080145d0	1
FUN_080145c4	1
FUN_08014564	1
FUN_08014518	1
FUN_08013fc8	1
FUN_08013f74	1
FUN_08013f3a	1
FUN_08013ec4	1
FUN_08013e4c	1
FUN_08013e16	1
FUN_08013df6	1
FUN_08013dd6	1
FUN_08013db6	1
FUN_08013d96	1
FUN_08013ae4	1
FUN_08013970	1
FUN_08013950	1
FUN_080138dc	1
FUN_0801364c	1
FUN_080132f8	1
FUN_08013036	1
FUN_08012ed0	1
FUN_08012e80	1
FUN_08012e20	1
FUN_08012b16	1
FUN_08012874	1
FUN_08011e90	1
FUN_08011de0	1
FUN_08011d88	1
FUN_08011d44	1
FUN_08011cea	1
FUN_08011c6c	1
FUN_08011af0	1
FUN_08011a4c	1
FUN_08011408	1
FUN_08011388	1
FUN_080112a4	1
FUN_08011036	1
FUN_08011000	1
FUN_08010fa4	1
FUN_08010e8e	1
FUN_08010e74	1
FUN_08010e52	1
FUN_080109dc	1
FUN_0801094c	1
FUN_08010948	1
FUN_08010470	1
FUN_08001da8	1
FUN_08001d2c	1
FUN_080002b0	1
FUN_08000188	1
FUN_08000138	1
